{
	"class_name" : "PinholeCameraParameters",
	"extrinsic" : 
	[
		1.0,
		-0.0,
		-0.0,
		0.0,
		0.0,
		-1.0,
		-0.0,
		0.0,
		0.0,
		-0.0,
		-1.0,
		0.0,
		-0.95279987506207364,
		0.034509874552107522,
		1.5431563923698426,
		1.0
	],
	"intrinsic" : 
	{
		"height" : 1136,
		"intrinsic_matrix" : 
		[
			983.80485869912241,
			0.0,
			0.0,
			0.0,
			983.80485869912241,
			0.0,
			923.5,
			567.5,
			1.0
		],
		"width" : 1848
	},
	"version_major" : 1,
	"version_minor" : 0
}